Long,Lat,Join_Count,TARGET_FID,Join_Count_1,TARGET_FID_1,SiteID,Name,Company,Operating_Status,CountAsNewProject,Project_Announcement_Date,Commercial_Production_Started,Target_Year,Sector,Mfg_Activity,Mfg_Product,Announced_Post_IRA,Latitude,Longitude,City,State___Province,Country,Capital_Investment_____million_,Targeted_annual_production,Realized_annual_production,Production_units,Target_jobs,Current_jobs,Congressional_District,Current_Representative_Party,Tract,ZIP,Population,CIscore,CIscoreP,Ozone,Ozone_Pctl,PM2_5,PM2_5_Pctl,Diesel_PM,Diesel_PM_Pctl,Pesticides,Pesticides_Pctl,Tox_Releases,Tox_Releases_Pctl,Traffic,Traffic_Pctl,Drinking_Water,DrinkingWaterPctl,Lead,Lead_Pctl,Cleanups,Cleanups_Pctl,GroundwaterThreats,GW_Threats_Pctl,Haz_Waste,Haz_Waste_Pctl,Imp_Water_Bodies,ImpWaterBodPctl,Solid_Waste,Solid_Waste_Pctl,Pollution,PollutionScore,Pollution_Pctl,Asthma,Asthma_Pctl,Low_Birth_Weight,LowBirthW_Pctl,Cardiovascular,Cardiovasc_Pctl,Education,Education_Pctl,Ling_Isol,Ling_Isol_Pctl,Poverty,Poverty_Pctl,Unemployment,Unemploy_Pctl,HousBurd,HousBurd_Pctl,PopChar,PopCharScore,PopCharP,Child_10,Pop_10_64,Elderly_65,Hispanic,White,African_American,Native_American,Asian_American,Pacific_Islander,Other_Multiple,County,ApproxLoc,GEOID10,SF,CF,DF_PFS,AF_PFS,HDF_PFS,DSF_PFS,EBF_PFS,EALR_PFS,EBLR_PFS,EPLR_PFS,HBF_PFS,LLEF_PFS,LIF_PFS,LMI_PFS,PM25F_PFS,HSEF,P100_PFS,P200_I_PFS,AJDLI_ET,LPF_PFS,KP_PFS,NPL_PFS,RMP_PFS,TSDF_PFS,TPF,TF_PFS,UF_PFS,WF_PFS,UST_PFS,N_WTR,N_WKFC,N_CLT,N_ENY,N_TRN,N_HSG,N_PLN,N_HLTH,SN_C,SN_C_V10,SN_GRAND,SN_T,DLI,ALI,PLHSE,LMILHSE,ULHSE,EPL_ET,EAL_ET,EBL_ET,EB_ET,PM25_ET,DS_ET,TP_ET,LPP_ET,HRS_ET,KP_ET,HB_ET,RMP_ET,NPL_ET,TSDF_ET,WD_ET,UST_ET,DB_ET,A_ET,HD_ET,LLE_ET,UN_ET,LISO_ET,POV_ET,LMI_ET,IA_LMI_ET,IA_UN_ET,IA_POV_ET,TC,CC,IAULHSE,IAPLHSE,IALMILHSE,IALMIL_78,IAPLHS_79,IAULHS_80,LHE,IALHE,IAHSEF,N_CLT_EOMI,N_ENY_EOMI,N_TRN_EOMI,N_HSG_EOMI,N_PLN_EOMI,N_WTR_EOMI,N_HLTH_90,N_WKFC_91,FPL200S,FPL200P,N_WKFC_94,TD_ET,TD_PFS,FLD_PFS,WFR_PFS,FLD_ET,WFR_ET,ADJ_ET,IS_PFS,IS_ET,AML_ET,FUDS_RAW,FUDS_ET,IMP_FLG,DM_B,DM_AI,DM_A,DM_HI,DM_T,DM_W,DM_H,DM_O,AGE_10,AGE_MIDDLE,AGE_OLD,TA_COU_119,TA_COUNT_C,TA_PERC,TA_PERC_FE,UI_EXP,THRHLD
-115.57444763192721,33.20416641235598,1,1,1,1,13,Project ATLiS,EnergySource Minerals,Planned,1,10/14/2019 12:00:00 AM,,2025,Batteries,Extraction,Lithium,0,33.20416641,-115.57444763,Imperial County,CA,USA,660,19000.0,,tpa,70,,CA25,Democrat,6025010102.0,92233,4108,44.73977351,81.69440242,0.03603801,11.59925327,8.3479798,19.0914748,0.0259039,9.08525202,1275.857727,90.51724138,5.28277017,7.57689422,169.3573347,3.0625,324.2129806,30.61071562,49.40970672,50.80025205,14.5,74.1881299,28.0,77.93458409,2.175,93.24950364,35,99.95800084,8.0,86.50630011,47.31773319,5.77748582,63.13627878,84.77,87.62462612,4.01,26.86682063,18.64,83.15054835,32.2,82.70058213,21.8,88.83475436,65.0,94.89949749,20.4,99.32326913,17.4,51.35614702,74.65175753,7.74381364,86.28340898,19.4012,69.1091,11.4898,78.8462,12.001,6.7429,0.0,0.0974,0.925,1.3875,Imperial ,Unincorporated Imperial County area,06025010102,California,Imperial County,0.94,0.79,0.82,0.08,0.9,0.66,0.14,0.07,0.79,0.67,0.95,0.72,0.43,0.32,0.94,0.93,1,0.34,0.71,0.34,0.9,0.17,4108.0,0.0,0.98,0.9,0.6,1,1,0,1,0,0,1,1,1,1,0, ,1,0,1,0,1,0,0,0,1,0,0,0,0, ,0,0,1,0,0,1,0,1,0,0,0,1,1,1,0,0,0,0,8.0,5.0,0,0,0,0.0,0.0,0.0,1,0,0.0,0,1,0,0,1,1,1,1,1,0.0,1,0,0.81,0.08,0.85,0,0,1,0.84,0,0,1,1,0,0.06,0.0,0.0,0.0,0.03,0.12,0.78,0.09,0.19,0.69,0.11,0.0,0.0,0.0,0.0,Nation,21.0
-115.9523468021464,33.29506683333044,1,2,1,2,36,Statevolt Gigafactory,Statevolt,Paused,1,4/19/2022 12:00:00 AM,,2025,Batteries,Manufacturing,Battery Cell,0,33.29506683,-115.9523468,Salton Sea,CA,USA,4000,54.0,,GWh,2500,,CA25,Democrat,6025012302.0,92274,6290,22.87345474,44.15027736,0.04703366,48.52520224,8.95126031,36.22899813,0.01317688,4.87865588,355.1437857,83.86206897,1.21503437,4.63865966,498.5180068,20.7875,306.8828006,25.34032721,37.01573366,33.23251418,4.0,37.55132512,1.0,6.97326913,0.0,0.0,9,77.29945401,0.0,0.0,29.57943041,3.61164258,16.62725576,27.95,21.69740778,4.05,27.91891198,12.7,52.03140578,35.4,85.69982283,37.3,98.20002707,62.2,93.11557789,12.5,93.29776158,22.1,70.81115336,61.05372186,6.33325537,67.20877458,12.6232,70.2067,17.1701,68.0127,26.4706,3.6089,0.0,0.2703,0.3816,1.256,Imperial ,Unincorporated Imperial County area,06025012302,California,Imperial County,0.85,0.65,0.84,0.06,0.93,0.52,0.15,0.14,0.82,0.36,0.99,0.79,0.33,0.35,0.87,0.92,1,0.21,0.21,0.13,0.28,0.04,6290.0,0.28,0.92,0.0,0.09,0,1,0,1,1,0,1,0,1,1,0,0,0,0,0,0,1,0,0,0,1,0,0,0,0, ,0,0,0,0,0,0,0,0,0,0,0,1,1,0,0,0,0,0,5.0,4.0,0,0,0,0.0,0.0,0.0,1,0,0.0,0,1,1,0,1,0,0,1,1,0.0,1,1,0.96,0.03,0.33,0,0,0,0.12,0,0,1,1,0,0.03,0.0,0.0,0.0,0.01,0.26,0.68,0.34,0.12,0.7,0.17,0.0,0.0,0.03,0.03,Nation,21.0
-115.61416625953224,33.16416549699581,1,3,1,3,105,Imperial Valley,BHE Renewables,Pilot,1,2/22/2022 12:00:00 AM,,2026,Batteries,Extraction,Lithium,0,33.1641655,-115.61416626,Imperial County,CA,USA,,90000.0,,tpa,,,CA25,Democrat,6025010102.0,92233,4108,44.73977351,81.69440242,0.03603801,11.59925327,8.3479798,19.0914748,0.0259039,9.08525202,1275.857727,90.51724138,5.28277017,7.57689422,169.3573347,3.0625,324.2129806,30.61071562,49.40970672,50.80025205,14.5,74.1881299,28.0,77.93458409,2.175,93.24950364,35,99.95800084,8.0,86.50630011,47.31773319,5.77748582,63.13627878,84.77,87.62462612,4.01,26.86682063,18.64,83.15054835,32.2,82.70058213,21.8,88.83475436,65.0,94.89949749,20.4,99.32326913,17.4,51.35614702,74.65175753,7.74381364,86.28340898,19.4012,69.1091,11.4898,78.8462,12.001,6.7429,0.0,0.0974,0.925,1.3875,Imperial ,Unincorporated Imperial County area,06025010102,California,Imperial County,0.94,0.79,0.82,0.08,0.9,0.66,0.14,0.07,0.79,0.67,0.95,0.72,0.43,0.32,0.94,0.93,1,0.34,0.71,0.34,0.9,0.17,4108.0,0.0,0.98,0.9,0.6,1,1,0,1,0,0,1,1,1,1,0, ,1,0,1,0,1,0,0,0,1,0,0,0,0, ,0,0,1,0,0,1,0,1,0,0,0,1,1,1,0,0,0,0,8.0,5.0,0,0,0,0.0,0.0,0.0,1,0,0.0,0,1,0,0,1,1,1,1,1,0.0,1,0,0.81,0.08,0.85,0,0,1,0.84,0,0,1,1,0,0.06,0.0,0.0,0.0,0.03,0.12,0.78,0.09,0.19,0.69,0.11,0.0,0.0,0.0,0.0,Nation,21.0
-121.2987823486874,37.7996788025747,1,4,1,4,133,Tesla Megafactory,Tesla,Operating,1,9/1/2021 12:00:00 AM,11/1/2022 12:00:00 AM,2022,Batteries,Manufacturing,Storage Battery,0,37.7996788,-121.29878235,Lathrop,CA,USA,,40.0,25.0,GWh,2000,1000,CA13,Democrat,6077005119.0,95330,8947,48.0501909,85.56480081,0.0486551,57.06285003,10.72442989,53.22962041,0.15931334,53.54075918,390.0646969,84.44827586,404.4536641,47.31182796,976.8630783,56.4375,905.9371069,98.20157362,21.26943106,13.56017643,34.0,90.14557671,281.3,99.68454259,1.9,92.25678359,11,86.95926081,7.55,84.76517755,68.90347137,8.41310017,97.90914748,60.29,69.37936191,5.65,67.92404414,13.14,54.91026919,15.1,55.53024551,9.1,58.22168088,25.5,45.36432161,6.3,60.56741281,9.1,10.54499366,55.05847799,5.71135372,57.75340393,18.319,74.4607,7.2203,30.7701,16.9554,9.1651,0.0,39.1081,0.0,4.0013,San Joaquin,Lathrop,06077005119,California,San Joaquin County,0.25,0.32,0.07,0.7,0.35,0.87,0.06,0.0,0.25,0.34,0.84,0.17,0.99,0.15,0.47,0.4,0,0.15,0.71,0.89,0.97,0.66,8947.0,0.61,0.66,0.7,0.36,0,0,0,0,0,0,0,0,0,0,0, ,0,0,0,0,0,0,0,0,0,1,0,0,0, ,0,0,1,0,0,0,0,0,0,0,0,0,0,0,0,0,0,0,0.0,0.0,0,0,0,0.0,0.0,0.0,1,0,0.0,0,1,1,0,1,0,0,0,0,0.0,1,1,0.92,0.07,0.75,0,0,0,0.92,1,0, ,0,0,0.09,0.01,0.39,0.0,0.08,0.16,0.3,0.09,0.18,0.74,0.07,0.0,0.0,0.0,0.0,Nation,21.0
-117.69860839851856,35.035556793247956,1,5,1,5,146,Boron Plant,Rio Tinto,Pilot,1,4/7/2021 12:00:00 AM,,?,Batteries,Extraction,Lithium,0,35.03555679,-117.6986084,Boron,CA,USA,50,5000.0,,tpa,,,CA23,Republican,6029005600.0,93516,2221,32.7542985,63.64094806,0.06236471,88.69943995,7.22269201,7.9029247,0.15433546,52.28375856,0.0,0.0,169.8342997,31.50787697,387.3273108,13.3625,596.2278206,68.42762583,68.31404693,76.86200378,12.0,68.94363568,2.75,17.21733355,0.0,0.0,0,0.0,8.5,87.72050401,39.84594237,4.86518165,42.42688239,66.04,75.37387836,7.5,93.87990762,15.18,67.29810568,15.5,56.47937231,1.5,11.27351468,44.8,75.84170854,7.4,70.90057262,15.3,40.2661597,64.90144806,6.73238963,72.79374685,7.9694,75.6866,16.344,24.1333,58.9374,2.9716,0.6303,5.3579,0.0,7.9694,Kern ,Boron,06029005600,California,Kern County,0.75,0.79,0.8,0.13,0.66,0.11,0.56,0.04,0.48,0.74,0.48,0.47,0.24,0.15,0.9,0.77,1,0.77,0.91,0.41,0.48,0.49,2221.0,0.38,0.74,0.0,0.22,0,1,0,0,0,1,0,0,1,1,0, ,0,0,1,0,0,0,0,0,0,0,0,0,0, ,1,0,0,0,0,0,0,0,0,0,0,0,0,1,0,0,0,0,2.0,2.0,0,0,0,0.0,0.0,0.0,1,0,0.0,0,0,0,1,0,0,0,1,1,0.0,1,0,0.69,0.21,0.68,0,0,0,0.04,0,0,0,0,0,0.03,0.0,0.06,0.0,0.05,0.58,0.24,0.13,0.07,0.75,0.16,0.0,0.0,0.0,0.0,Nation,21.0
-121.88365173351873,37.39192962676075,1,6,1,6,153,QuantumScape QS-0 Facility,QuantumScape,Pilot,1,2/16/2021 12:00:00 AM,,2025,Batteries,Manufacturing,Battery Cell,0,37.39192963,-121.88365173,San Jose,CA,USA,260,,,GWh,,,CA17,Democrat,6085504322.0,95131,5936,23.73185912,46.01613717,0.03975537,20.84629745,8.63597459,27.64156814,0.45026964,87.47977598,0.0,0.0,283.9960022,40.79769942,1114.213711,64.75,285.119619,19.48295242,24.45920705,17.20226843,93.7,99.1414707,51.2,90.46986552,2.195,93.32892124,3,33.15833683,1.1,36.47193585,46.68808216,5.70060556,61.39390168,26.89,19.75324028,6.41,82.28124198,10.15,31.03190429,9.8,41.23006834,21.6,88.55054811,18.2,30.03768844,2.9,15.83810515,6.8,3.89100127,40.13247222,4.16304178,35.57740797,14.7069,79.5148,5.7783,7.4292,12.3989,10.31,0.0,69.2891,0.0,0.5728,Santa Clara,San Jose,06085504322,California,Santa Clara County,0.05,0.0,0.01,0.75,0.0,0.0,0.02,0.03,0.35,0.0,0.95,0.46,0.93,0.09,0.32,0.25,0,0.12,0.21,0.76,0.94,0.98,5936.0,0.48,0.23,0.31,0.49,0,0,0,0,0,0,0,0,0,0,0, ,0,0,0,0,0,0,0,0,0,1,0,0,0, ,0,0,1,0,1,0,0,0,0,0,0,0,1,0,0,0,0,0,0.0,0.0,0,0,0,0.0,0.0,0.0,0,0,0.0,0,1,0,0,1,0,0,1,0,0.0,0,0,0.02,0.81,0.33,0,0,0,0.92,1,0, ,0,0,0.1,0.0,0.69,0.0,0.0,0.12,0.07,0.05,0.14,0.79,0.05,0.0,0.0,0.0,0.0,Nation,21.0
-121.92761993410176,37.469264984051634,1,7,1,7,166,Tesla Kato Road Facility,Tesla,Pilot,1,6/1/2020 12:00:00 AM,9/22/2020 12:00:00 AM,2021,Batteries,Manufacturing,Battery Cell,0,37.46926498,-121.92761993,Fremont,CA,USA,,10.0,5.0,GWh,,,CA17,Democrat,6001441503.0,94560,8013,23.05521689,44.65456379,0.03707046,13.71499689,8.54483477,23.99502178,0.59052668,92.69446173,0.00117315,5.17241379,478.3923545,50.76269067,2013.531144,87.325,238.2000055,10.22855002,11.88955861,5.14177694,173.1,99.92534528,81.35,95.38435995,9.955,99.51025811,3,33.15833683,11.45,92.98969072,52.15077538,6.36759931,75.91785937,30.19,25.4112662,5.78,70.60559405,11.29,40.41625125,4.9,20.85547963,8.1,53.86385167,6.6,3.54271357,4.7,40.60385216,6.1,2.78833967,34.90427559,3.62070786,27.30711044,18.1705,73.4681,8.3614,3.4694,8.7732,1.9718,0.8611,82.5783,0.3744,1.9718,Alameda ,Fremont,06001441503,California,Alameda County,0.03,0.0,0.0,0.64,0.01,0.99,0.26,0.12,0.03,0.2,0.82,0.07,0.94,0.04,0.07,0.05,0,0.09,0.78,0.65,0.74,0.94,8013.0,0.82,0.49,0.36,0.35,0,0,0,0,0,0,0,0,0,0,0, ,0,0,0,0,0,0,1,0,0,1,0,0,0, ,0,0,0,0,1,0,0,0,0,0,0,0,0,0,0,0,0,0,0.0,0.0,0,0,0,0.0,0.0,0.0,0,0,0.0,1,1,0,0,1,0,0,0,0,0.0,0,0,0.4,0.86,0.72,0,0,0,0.27,0,0,0,0,0,0.01,0.0,0.82,0.0,0.02,0.08,0.03,0.01,0.18,0.73,0.08,0.0,0.0,0.0,0.0,Nation,21.0
-115.6030578616121,33.17750167844791,1,8,1,8,169,Hellâ€™s Kitchen Project,Controlled Thermal Resources,Pilot,1,3/16/2020 12:00:00 AM,,2025,Batteries,Extraction,Lithium,0,33.17750168,-115.60305786,Imperial County,CA,USA,,25000.0,,tpa,1400,,CA25,Democrat,6025010102.0,92233,4108,44.73977351,81.69440242,0.03603801,11.59925327,8.3479798,19.0914748,0.0259039,9.08525202,1275.857727,90.51724138,5.28277017,7.57689422,169.3573347,3.0625,324.2129806,30.61071562,49.40970672,50.80025205,14.5,74.1881299,28.0,77.93458409,2.175,93.24950364,35,99.95800084,8.0,86.50630011,47.31773319,5.77748582,63.13627878,84.77,87.62462612,4.01,26.86682063,18.64,83.15054835,32.2,82.70058213,21.8,88.83475436,65.0,94.89949749,20.4,99.32326913,17.4,51.35614702,74.65175753,7.74381364,86.28340898,19.4012,69.1091,11.4898,78.8462,12.001,6.7429,0.0,0.0974,0.925,1.3875,Imperial ,Unincorporated Imperial County area,06025010102,California,Imperial County,0.94,0.79,0.82,0.08,0.9,0.66,0.14,0.07,0.79,0.67,0.95,0.72,0.43,0.32,0.94,0.93,1,0.34,0.71,0.34,0.9,0.17,4108.0,0.0,0.98,0.9,0.6,1,1,0,1,0,0,1,1,1,1,0, ,1,0,1,0,1,0,0,0,1,0,0,0,0, ,0,0,1,0,0,1,0,1,0,0,0,1,1,1,0,0,0,0,8.0,5.0,0,0,0,0.0,0.0,0.0,1,0,0.0,0,1,0,0,1,1,1,1,1,0.0,1,0,0.81,0.08,0.85,0,0,1,0.84,0,0,1,1,0,0.06,0.0,0.0,0.0,0.03,0.12,0.78,0.09,0.19,0.69,0.11,0.0,0.0,0.0,0.0,Nation,21.0
-118.18389129655412,33.99888992308301,1,9,1,9,188,Romeo Power Cypress Facility,Nikola,Closed,1,8/24/2017 12:00:00 AM,11/15/2017 12:00:00 AM,2022,Batteries,Manufacturing,Battery Pack,0,33.99888992,-118.1838913,Vernon,CA,USA,,,,GWh,,270,CA42,Democrat,6037532400.0,90058,45,,,0.04673761,47.38021157,12.18145711,87.8780336,0.45701212,87.9029247,0.0,0.0,4049.496663,89.48487122,970.8010837,56.25,418.8455033,48.30773074,,,79.05,98.71220605,32.3,81.47102773,9.73,99.36465917,7,66.73666527,9.05,88.98052692,68.7513649,8.394528,97.80958307,109.89,94.92771685,,,20.16,87.84895314,,,,,4.4,1.05527638,,,,,,,,15.5556,73.3333,11.1111,80.0,17.7778,2.2222,0.0,0.0,0.0,0.0,Los Angeles,Vernon,06037532400,California,Los Angeles County,0.21,0.02,0.18,0.88,0.03,0.0,0.06,0.99,0.88,0.0,0.85,0.0,0.97,0.1,0.0,0.04,0,0.9,0.21,0.86,1.0,0.99,45.0,0.9,0.0,0.94,0.76,0,0,0,0,0,0,0,0,0,0,0, ,0,0,0,0,0,1,0,0,0,1,0,1,0, ,0,0,1,0,1,1,0,0,0,0,0,0,0,0,0,0,0,0,0.0,0.0,0,0,0,0.0,0.0,0.0,1,0,0.0,1,1,1,0,1,0,0,0,0,0.0,1,0,0.74,0.92,0.33,1,0,0,0.99,1,0,1,1,0,0.02,0.0,0.0,0.0,0.0,0.17,0.8,0.6,0.15,0.73,0.11,0.0,0.0,0.0,0.0,Nation,21.0
-119.6444473262429,36.26940155015443,1,10,1,10,191,ieFactory,Faraday Future Intelligent Electric,Operating,1,1/3/2017 12:00:00 AM,3/29/2023 12:00:00 AM,2023,EVs,Manufacturing,EVs,0,36.26940155,-119.64444733,Hanford,CA,USA,,,,EVs,350,,CA22,Republican,6031001200.0,93230,2445,51.83091869,89.81341402,0.06133785,84.57996266,13.53482438,95.94275047,0.0512486,18.55631612,376.0559108,84.13793103,297.6698723,41.6104026,263.1094444,6.5375,657.7427793,72.28674909,61.56643976,67.97731569,19.2,81.09369168,326.75,99.83396978,0.125,21.95896757,2,23.87652247,17.5,97.31958763,60.90792658,7.43684574,92.00995644,85.28,87.82402792,4.44,37.01565307,21.45,92.22333001,24.4,72.08301696,16.7,80.84991203,44.1,74.87437186,4.9,43.0895367,15.1,39.20152091,67.18700434,6.96947611,76.21028744,13.9059,73.865,12.229,48.1391,48.7117,0.409,0.6953,0.7771,0.0409,1.227,Kings ,Unincorporated Kings County area,06031001200,California,Kings County,0.48,0.49,0.47,0.42,0.72,0.87,0.32,0.16,0.36,0.43,0.92,0.47,0.99,0.24,0.33,0.71,1,0.63,0.78,0.28,0.71,0.31,2445.0,0.06,0.51,0.79,0.07,0,1,0,1,0,1,0,0,1,1,0,0,0,0,0,0,0,0,0,0,0,1,0,0,0, ,0,0,0,0,0,0,0,0,0,0,0,0,1,0,0,0,0,0,3.0,3.0,0,0,0,0.0,0.0,0.0,1,0,0.0,0,1,0,1,0,0,0,1,1,0.0,1,0,0.65,0.53,0.77,0,0,0,0.96,1,0, ,0,0,0.01,0.02,0.0,0.0,0.03,0.48,0.48,0.06,0.13,0.73,0.12,0.0,0.0,0.0,0.0,Nation,21.0
-115.74134826691578,34.47259521504575,1,11,1,11,195,Bristol Lake,Standard Lithium,Pilot,1,8/1/2016 12:00:00 AM,,,Batteries,Extraction,Lithium,0,34.47259521,-115.74134827,Bristol Lake,CA,USA,,,,tpa,,,CA23,Republican,6071010409.0,92277,3096,22.81175197,43.98638427,0.05133737,64.92843808,8.00474844,13.42874922,0.00040472,0.08711885,0.0,0.0,2.7666399,6.4016004,61.4458794,0.375,507.6537979,61.3338329,61.09978315,67.30938878,62.0,97.5177305,3.05,22.13182799,0.0,0.0,0,0.0,12.5,94.11225659,32.07279836,3.91608231,22.12818917,35.53,34.44666002,5.38,61.71413908,29.89,99.52642074,13.0,50.73399139,3.1,24.76654486,48.1,79.8241206,8.1,76.05413847,6.9,4.03041825,56.155458,5.8251462,59.82097832,20.5426,64.2442,15.2132,16.4083,52.2287,11.4341,0.0,2.2287,13.3398,4.3605,San Bernardino,Unincorporated San Bernardino County area,06071010409,California,San Bernardino County,0.58,0.68,0.74,0.02,0.96,0.33,0.95,0.94,0.44,0.54,0.64,0.77,0.08,0.12,0.78,0.83,1,0.76,0.96,0.03,0.01,0.22,3096.0,0.04,0.78,0.0,0.07,0,0,1,1,0,1,1,0,1,1,0, ,0,0,0,0,0,1,0,1,1,0,0,0,0, ,1,0,0,0,0,0,0,0,0,0,0,0,0,0,0,0,0,0,5.0,4.0,0,0,0,0.0,0.0,0.0,1,0,0.0,1,1,0,1,1,0,0,0,1,0.0,1,0,0.3,0.56,0.75,0,0,0,0.0,0,0,1,1,0,0.11,0.0,0.02,0.13,0.08,0.52,0.16,0.01,0.2,0.64,0.15,0.0,0.0,0.0,0.0,Nation,21.0
-118.14826965319462,34.72238159153263,1,12,1,12,201,BYD Bus Factory,BYD,Operating,1,5/1/2013 12:00:00 AM,4/1/2014 12:00:00 AM,2014,EVs,Manufacturing,EVs,0,34.72238159,-118.14826965,Lancaster,CA,USA,50,1500.0,1500.0,EVs,750,750,CA27,Democrat,6037900900.0,93536,4018,23.78550927,46.18003026,0.06236471,88.69943995,6.73298302,5.81207218,0.01042298,4.05724953,0.51258717,38.20689655,1241.391622,69.29232308,297.0702201,8.1125,749.0147327,85.40027476,27.6230358,20.99558916,17.1,78.08883912,0.3,2.10858376,1.27,88.57710126,0,0.0,5.0,75.67010309,43.01100392,5.25163503,51.57436217,65.33,74.60119641,3.32,13.24095458,12.95,53.50199402,10.1,42.29309036,4.1,32.03410475,35.0,61.75879397,3.7,26.86100989,14.9,38.09885932,43.66194333,4.52916265,40.63287948,15.1817,67.9443,16.8741,20.9308,64.1613,9.7561,0.3733,1.5679,0.224,2.9866,Los Angeles,Unincorporated Los Angeles County area,06037900900,California,Los Angeles County,0.47,0.18,0.49,0.08,0.54,0.62,0.85,0.43,0.55,0.76,0.69,0.0,0.33,0.1,0.52,0.58,1,0.36,0.21,0.24,0.55,0.46,4018.0,0.57,0.34,0.0,0.1,0,0,0,0,0,0,0,0,0,0,0, ,0,0,0,0,0,0,0,0,0,0,0,0,0, ,0,0,0,0,0,0,0,0,0,0,0,0,0,0,0,0,0,0,0.0,0.0,0,0,0,0.0,0.0,0.0,1,0,0.0,1,0,0,0,0,0,0,0,0,0.0,1,0,0.65,0.92,0.83,1,0,0,0.04,0,0,0,0,0,0.09,0.0,0.01,0.0,0.02,0.64,0.2,0.06,0.15,0.67,0.16,0.0,0.0,0.0,0.0,Nation,21.0
-121.94416809100468,37.49250030493948,1,13,1,13,205,Tesla Fremont Factory,Tesla,Operating,1,6/30/2010 12:00:00 AM,,2012,EVs,Manufacturing,EVs,0,37.49250031,-121.94416809,Fremont,CA,USA,5000,650000.0,650000.0,EVs,18000,18000,CA17,Democrat,6001441503.0,94560,8013,23.05521689,44.65456379,0.03707046,13.71499689,8.54483477,23.99502178,0.59052668,92.69446173,0.00117315,5.17241379,478.3923545,50.76269067,2013.531144,87.325,238.2000055,10.22855002,11.88955861,5.14177694,173.1,99.92534528,81.35,95.38435995,9.955,99.51025811,3,33.15833683,11.45,92.98969072,52.15077538,6.36759931,75.91785937,30.19,25.4112662,5.78,70.60559405,11.29,40.41625125,4.9,20.85547963,8.1,53.86385167,6.6,3.54271357,4.7,40.60385216,6.1,2.78833967,34.90427559,3.62070786,27.30711044,18.1705,73.4681,8.3614,3.4694,8.7732,1.9718,0.8611,82.5783,0.3744,1.9718,Alameda ,Fremont,06001441503,California,Alameda County,0.03,0.0,0.0,0.64,0.01,0.99,0.26,0.12,0.03,0.2,0.82,0.07,0.94,0.04,0.07,0.05,0,0.09,0.78,0.65,0.74,0.94,8013.0,0.82,0.49,0.36,0.35,0,0,0,0,0,0,0,0,0,0,0, ,0,0,0,0,0,0,1,0,0,1,0,0,0, ,0,0,0,0,1,0,0,0,0,0,0,0,0,0,0,0,0,0,0.0,0.0,0,0,0,0.0,0.0,0.0,0,0,0.0,1,1,0,0,1,0,0,0,0,0.0,0,0,0.4,0.86,0.72,0,0,0,0.27,0,0,0,0,0,0.01,0.0,0.82,0.0,0.02,0.08,0.03,0.01,0.18,0.73,0.08,0.0,0.0,0.0,0.0,Nation,21.0
-117.84749603249796,34.015022277633015,1,14,1,14,217,Proterra Bus Manufacturing Facility,Proterra,Operating,1,2015,2017,2017,EVs,Manufacturing,EVs,0,34.01502228,-117.84749603,City of Industry,CA,USA,20,400.0,208.0,EVs,100,,CA38,Democrat,6037403303.0,91789,2741,28.46245363,55.84972264,0.05168937,65.68761668,12.29942209,89.63285625,0.51419742,90.4293715,0.0,0.0,2067.030721,80.00750188,1608.627916,80.25,435.9366274,51.11777195,24.50810785,17.31568998,1.0,17.07726764,0.3,2.10858376,0.53,71.14493713,5,51.21797564,4.5,72.39404353,53.79958787,6.56891899,79.82576229,26.46,19.09272183,3.57,17.68026687,10.71,35.71784646,17.0,59.76967856,18.6,84.54459331,27.2,48.91959799,4.9,43.0895367,19.4,60.55766793,41.76991331,4.33289764,37.73323248,10.1058,72.0175,17.8767,31.4849,9.3761,3.0281,0.5108,55.4177,0.0,0.1824,Los Angeles,Industry,06037403303,California,Los Angeles County,0.64,0.0,0.31,0.84,0.12,0.08,0.06,0.51,0.67,0.07,0.94,0.0,0.98,0.17,0.51,0.49,0,0.22,0.82,0.67,0.9,0.7,2741.0,0.98,0.51,0.95,0.67,0,1,0,0,0,0,0,0,1,1,0, ,0,0,0,0,0,0,0,0,0,1,0,1,0, ,0,0,1,0,0,1,0,0,0,0,0,0,1,0,0,0,0,0,1.0,1.0,0,0,0,0.0,0.0,0.0,1,0,0.0,1,1,1,0,1,0,0,1,0,0.0,1,0,0.86,0.91,0.72,1,0,0,0.89,0,0, ,0,0,0.03,0.01,0.55,0.0,0.01,0.09,0.31,0.13,0.1,0.72,0.17,0.0,0.0,0.0,0.0,Nation,21.0
-118.22676086383287,33.75420379633111,1,15,1,15,318,Pier Wind,Port of Long Beach,Planned,1,,,2035,Wind,Manufacturing,Turbine Assembly,1,33.7542038,-118.22676086,Long Beach,CA,USA,4700,8.0,,GW,,,CA42,Democrat,6037980033.0,90802,16,,,0.03892377,17.64779091,11.79278699,69.4959552,2.03898436,99.81331674,0.0,0.0,8459.420086,96.4616154,1313.694279,72.7,339.0441176,34.7321094,,,64.25,97.72303098,151.05,98.28988876,6.26,98.39841165,28,99.60100798,15.25,96.26575029,69.90909052,8.53588607,98.43186061,39.36,40.49102692,,,8.8,19.51645065,,,,,,,,,,,,,,0.0,0.0,100.0,0.0,0.0,0.0,100.0,0.0,0.0,0.0,Los Angeles,Long Beach,06037980033,California,Los Angeles County,0.99,0.37,0.99,0.99,0.27,0.0,0.08,0.0,0.0,0.0,0.12,0.0,0.94,0.0,0.99,0.99,1,0.01,0.0,0.63,0.97,0.94,16.0,0.85,0.0,0.96,0.41,1,0,1,1,1,0,1,1,1,1,0, ,1,0,0,0,0,0,0,0,0,1,1,0,0, ,0,0,1,0,1,1,0,1,0,1,0,0,0,1,0,0,0,0,8.0,6.0,0,0,0,0.0,0.0,0.0,0,0,0.0,1,1,1,0,1,1,1,1,1,0.0,0,0,0.0,0.97,0.33,1,0,0,0.48,0,0,0,0,0,0.0,1.0,0.0,0.0,0.0,0.0,0.0,0.0,0.0,0.0,1.0,0.0,0.0,0.0,0.0,Nation,21.0
-118.37103271493058,35.11150360120402,1,16,1,16,328,General Electric Wind Manufacturing Tehachapi Facility,General Electric,Closed,1,4/12/2002 12:00:00 AM,,?,Wind,Manufacturing,Wind Infrastructure,0,35.1115036,-118.37103271,Tehachapi,CA,USA,,,,,,,CA20,Republican,6029006007.0,93560,6245,31.66430769,61.72465961,0.06051699,82.68823895,6.53894291,5.1275669,0.02070419,7.46733043,369.6932261,84.06896552,84.213267,21.967992,634.6952896,31.0625,862.4303213,96.67790683,19.84353669,12.01008192,9.0,58.17469205,17.25,63.57297028,0.57,73.31568498,0,0.0,10.75,92.07331042,47.56499239,5.80767612,63.80833852,59.85,68.78115653,5.85,72.08108802,18.79,83.56181456,9.3,39.20526449,0.2,0.25713899,36.1,63.31658291,,,11.0,18.46641318,52.5596848,5.45214764,54.1225416,15.7086,65.6205,18.6709,17.6781,76.0608,0.2882,1.8575,0.4644,0.0,3.6509,Kern ,Unincorporated Kern County area,06029006007,California,Kern County,0.7,0.68,0.78,0.06,0.66,0.68,0.97,0.08,0.47,0.53,0.26,0.4,0.57,0.09,0.65,0.63,1,0.11,0.21,0.36,0.13,0.42,6245.0,0.15,0.82,0.46,0.08,0,0,0,0,0,0,0,0,1,1,1, ,0,0,0,0,0,0,0,1,0,0,0,0,0, ,0,0,0,0,0,0,0,0,0,0,0,0,0,0,0,0,0,0,0.0,0.0,0,0,0,0.0,0.0,0.0,0,0,0.0,1,0,0,0,0,0,0,0,0,0.0,0,0,0.59,0.45,0.88,0,0,0,0.09,0,0, ,0,0,0.0,0.02,0.0,0.0,0.03,0.76,0.17,0.0,0.15,0.65,0.18,0.0,0.0,0.0,0.0,Nation,21.0
-117.14200592074526,32.82085037260441,1,17,1,17,356,Kyocera Solar Panel Factory,Kyocera,Closed,1,3/3/2010 12:00:00 AM,6/2/2010 12:00:00 AM,2010,Solar,Manufacturing,Solar Modules,0,32.82085037,-117.14200592,San Diego,CA,USA,,0.30000001,,GW,,,CA51,Democrat,6073008511.0,92123,4989,27.18377853,53.4165406,0.04539285,42.56378345,8.82668471,33.47853143,0.50288743,89.99377722,0.23202765,32.4137931,185.4671326,33.20830208,1531.121342,78.7,312.860703,28.98713626,15.82984601,8.29237555,47.65,95.35274356,52.25,90.71891084,7.535,98.88815354,0,0.0,26.0,99.31271478,54.58797644,6.66518108,81.53080274,44.53,48.26769691,5.38,61.71413908,8.96,20.63808574,6.2,26.94254619,7.0,48.72107186,13.7,18.90703518,2.7,13.1832379,21.2,67.71863118,39.31723919,4.07847562,34.37972769,4.2694,89.3365,6.3941,28.7432,41.6316,2.3852,0.0,22.5496,2.285,2.4053,San Diego,San Diego,06073008511,California,San Diego County,0.04,0.05,0.05,0.64,0.1,0.19,0.07,0.49,0.4,0.37,0.8,0.34,0.86,0.06,0.31,0.09,0,0.2,0.21,0.16,0.59,0.95,4989.0,0.96,0.19,0.05,0.78,0,0,0,0,0,0,0,0,0,0,0, ,0,0,0,0,0,0,0,0,0,0,0,1,0, ,0,0,0,0,1,0,0,0,0,0,0,0,0,0,0,0,0,0,0.0,0.0,0,0,0,0.0,0.0,0.0,0,0,0.0,0,0,1,0,1,0,0,0,0,0.0,0,0,0.04,0.34,0.33,0,0,0,0.87,0,0, ,0,0,0.02,0.0,0.24,0.02,0.04,0.41,0.28,0.03,0.04,0.89,0.06,0.0,0.0,0.0,0.0,Nation,21.0
-121.77871704133896,37.23192977900863,1,18,1,18,364,C-Si Cali Facility,Auxin Solar,Operating,1,N.D.,2008,N.D.,Solar,Manufacturing,Solar Modules,0,37.23192978,-121.77871704,San Jose,CA,USA,,0.15000001,,GWh,,,CA19,Democrat,6085512032.0,95119,2997,22.06195691,42.24659607,0.04259906,29.89421282,7.99911311,13.34163037,0.13210217,46.43434972,0.0,0.0,73.17663317,20.88022006,788.3769432,43.3625,411.0836922,46.7590858,44.65140392,43.8689351,38.95,93.00111982,6.0,35.01577287,9.89,99.48378557,3,33.15833683,0.0,0.0,37.75567883,4.60996089,36.55258245,42.14,44.8778664,5.1,55.06800103,15.49,69.21734796,8.3,35.53530752,1.9,14.85992692,9.8,9.63567839,9.6,84.57834461,14.3,34.8035488,46.13514985,4.78571456,44.52849218,10.7107,71.9386,17.3507,31.3981,43.1098,1.6016,0.0,19.2192,0.0,4.6713,Santa Clara,San Jose,06085512032,California,Santa Clara County,0.24,0.14,0.09,0.43,0.12,0.51,0.12,0.02,0.41,0.23,0.53,0.48,0.82,0.08,0.21,0.11,0,0.14,0.66,0.98,0.43,0.85,2997.0,0.75,0.85,0.0,0.53,0,0,0,0,0,0,0,0,0,0,0, ,0,0,0,0,0,0,0,0,0,0,0,0,0, ,0,0,0,1,0,0,0,0,0,0,0,0,0,0,0,0,0,0,0.0,0.0,0,0,0,0.0,0.0,0.0,0,0,0.0,1,0,0,0,1,0,0,0,0,0.0,0,0,0.21,0.9,0.9,1,1,0,0.79,0,0, ,0,0,0.01,0.0,0.19,0.0,0.07,0.43,0.31,0.05,0.1,0.71,0.17,0.0,0.0,0.0,0.0,Nation,21.0
-120.4245681764296,37.32692337056225,1,19,1,19,386,Fremont Solaria Facility,Solaria,Operating,1,6/11/2010 12:00:00 AM,,,Solar,Manufacturing,Solar Modules,0,37.32692337,-120.42456818,Fremont,CA,USA,65,0.025,,GWh,100,,CA13,Democrat,6047002600.0,95341,5942,35.32189636,67.99041856,0.05530288,72.54511512,12.10207637,84.69197262,0.08413491,31.2881145,630.957835,86.62068966,74.96499887,21.05526382,234.4773423,5.325,715.9265733,78.55626327,35.15947972,30.71203529,0.0,0.0,38.3,85.1901046,0.3,50.13898081,3,33.15833683,0.5,22.08476518,46.93768368,5.73108186,62.10329807,126.44,96.80957129,4.64,42.19912753,30.34,99.5887338,12.5,49.58238421,5.0,37.66409528,34.6,61.08040201,,,8.6,8.85931559,59.41451341,6.16321617,64.69994957,18.6637,70.5318,10.8044,38.859,43.2346,4.2578,0.0,12.7903,0.0,0.8583,Merced ,Unincorporated Merced County area,06047002600,California,Merced County,0.39,0.37,0.31,0.56,0.32,0.86,0.44,0.13,0.27,0.36,0.73,0.09,0.99,0.12,0.61,0.44,0,0.33,0.7,0.57,0.37,0.49,5942.0,0.22,0.48,0.38,0.08,0,0,0,0,0,0,0,0,0,0,0, ,0,0,0,0,0,0,0,0,0,1,0,0,0, ,0,0,0,0,0,0,0,0,0,0,0,0,0,0,0,0,0,0,0.0,0.0,0,0,0,0.0,0.0,0.0,1,0,0.0,1,1,1,0,0,0,0,0,0,0.0,1,1,0.9,0.95,0.92,1,1,0,0.97,1,0, ,0,0,0.04,0.0,0.13,0.0,0.02,0.43,0.38,0.15,0.18,0.7,0.1,0.0,0.0,0.0,0.0,Nation,21.0
-117.3697586055566,33.97367858920406,1,20,1,20,389,Riverside CA Facility,Sunspark,Operating,1,10/2/2015 12:00:00 AM,n.d.,n.d.,Solar,Manufacturing,Silicon,0,33.97367859,-117.36975861,Riverside,CA,USA,,0.25,0.25,GW,120,,CA39,Democrat,6065030400.0,92507,6741,68.45093947,98.75189107,0.06718273,97.00062228,12.35264701,90.18046049,0.53684012,91.08898569,0.0,0.0,599.6749979,55.05126282,1416.184446,75.9,693.8289152,77.36980142,84.20749923,92.79143037,44.2,94.60619634,37.5,84.6588079,0.73,79.36465917,0,0.0,2.0,52.89805269,69.05039466,8.43103947,97.97137523,61.0,70.2891326,6.14,77.94457275,17.63,79.2996012,37.8,88.09162237,9.7,60.61713358,49.9,81.62060302,10.8,89.18532015,26.6,83.94169835,78.2678555,8.11892053,90.68330812,14.6566,74.796,10.5474,83.0886,9.0936,6.1119,0.0,1.3945,0.3115,0.0,Riverside ,Riverside,06065030400,California,Riverside County,0.8,0.54,0.45,0.93,0.18,0.1,0.4,0.11,0.88,0.52,0.85,0.77,0.95,0.37,0.83,0.77,1,0.84,0.57,0.94,0.96,0.88,6741.0,0.86,0.88,0.81,0.8,0,0,0,1,1,0,1,0,1,1,0, ,0,0,0,0,0,0,0,0,0,1,1,0,0, ,0,0,1,1,0,0,0,0,0,0,0,0,0,0,0,0,0,0,4.0,3.0,0,0,0,0.0,0.0,0.0,1,0,0.0,0,1,1,0,1,0,0,0,1,0.0,1,0,0.69,0.43,0.69,0,0,0,0.66,0,0,0,0,0,0.06,0.0,0.01,0.0,0.01,0.09,0.83,0.49,0.14,0.74,0.1,0.0,0.0,0.0,0.0,Nation,21.0
-121.78377532983802,37.252960205252165,1,21,1,21,399,GAF California Facility,GAF Energy,Operating,1,5/11/2021 12:00:00 AM,2022,2021,Solar,Manufacturing,Solar Shingles,0,37.25296021,-121.78377533,San Jose,CA,USA,50,0.06,0.06,GWh,,,CA19,Democrat,6085512001.0,95138,6868,11.75477402,17.23398891,0.04192559,26.69570629,7.83660199,11.94772869,0.08777204,32.78158058,9.14437585,59.5862069,80.36163583,21.6304076,1839.160534,84.5125,398.5307367,43.29961284,15.5303804,7.98991808,22.6,84.28518104,0.0,0.0,3.98,97.16743878,3,33.15833683,0.0,0.0,38.34436886,4.68183982,38.45675171,37.34,36.9890329,4.29,33.43597639,10.12,30.85742772,5.9,25.49987345,3.9,30.69427527,6.2,2.91457286,2.6,11.86881832,5.8,2.25602028,24.20376219,2.51071683,12.36762481,12.0705,77.5189,10.4106,23.5877,24.869,0.0874,0.0,47.5539,0.0,3.9022,Santa Clara,Unincorporated Santa Clara County area,06085512001,California,Santa Clara County,0.09,0.0,0.02,0.39,0.03,0.79,0.18,0.03,0.06,0.34,0.68,0.06,0.84,0.05,0.13,0.04,0,0.04,0.21,0.92,0.36,0.71,6868.0,0.93,0.18,0.0,0.24,0,0,0,0,0,0,0,0,0,0,0, ,0,0,0,0,0,0,0,0,0,0,0,1,0, ,0,0,0,1,0,0,0,0,0,0,0,0,0,0,0,0,0,0,0.0,0.0,0,0,0,0.0,0.0,0.0,0,0,0.0,1,0,1,0,1,0,0,0,0,0.0,0,0,0.28,0.89,0.94,0,1,0,0.21,0,0, ,0,0,0.0,0.0,0.48,0.0,0.06,0.24,0.23,0.11,0.12,0.77,0.1,0.0,0.0,0.0,0.0,Nation,21.0
-121.41617584201792,38.65474319441666,1,22,1,22,,SPI Energy S4A Module Manufacturing Facility (Expansion),SPI Energy,Under Construction,1,2/21/2022 12:00:00 AM,1/9/2023 12:00:00 AM,2023,Solar,Manufacturing,Solar Modules,1,38.65474319,-121.41617584,Sacramento,CA,USA,,1.20000005,0.69999999,GW,400,150,CA6,Democrat,6067007301.0,95652,5067,45.69004947,82.84165406,0.04901945,58.2327318,9.00431194,37.43621655,0.07385988,27.45488488,0.00249352,7.24137931,81.69460047,21.80545136,839.7325028,47.0125,505.8972415,61.07156238,83.36435912,92.24952741,19.0,80.94438223,208.25,99.21965798,0.4,61.57511582,0,0.0,2.0,52.89805269,49.01783506,5.98506792,67.8033603,103.14,93.36989033,6.23,79.40723634,15.48,69.1550349,18.9,62.85750443,5.3,39.20692922,60.0,91.6080402,6.8,65.62988027,22.8,73.40937896,73.59320023,7.63400684,84.78315683,16.7357,73.2189,10.0454,29.8204,40.8131,17.5844,0.1776,4.0063,0.0,7.5982,Sacramento ,McClellan Park,06067007301,California,Sacramento County,0.58,0.95,0.53,0.57,0.54,0.98,0.08,0.01,0.91,0.51,0.74,0.91,0.98,0.18,0.91,0.91,1,0.81,0.21,0.94,0.47,0.82,5067.0,0.34,0.7,0.09,0.69,0,1,1,1,0,1,1,1,1,1,0, ,0,1,1,1,0,0,1,0,0,1,0,0,0, ,0,1,0,1,0,0,0,0,1,0,0,0,0,1,1,0,0,0,7.0,6.0,0,0,0,0.0,0.0,0.0,1,0,0.0,1,1,0,1,1,0,1,1,1,0.0,1,0,0.65,0.46,0.69,0,0,0,0.7,0,0, ,0,0,0.19,0.0,0.04,0.0,0.1,0.4,0.29,0.02,0.16,0.73,0.1,0.0,0.0,0.0,0.0,Nation,21.0
-121.41738128680612,38.65550231908909,1,23,1,23,,SPI Energy S4A Module Manufacturing Facility,SPI Energy,Operating Partially; Under Construction,1,12/7/2021 12:00:00 AM,1/9/2023 12:00:00 AM,2022,Solar,Manufacturing,Solar Modules,0,38.65550232,-121.41738129,Sacramento,CA,USA,,0.69999999,0.69999999,GW,,,CA6,Democrat,6067007301.0,95652,5067,45.69004947,82.84165406,0.04901945,58.2327318,9.00431194,37.43621655,0.07385988,27.45488488,0.00249352,7.24137931,81.69460047,21.80545136,839.7325028,47.0125,505.8972415,61.07156238,83.36435912,92.24952741,19.0,80.94438223,208.25,99.21965798,0.4,61.57511582,0,0.0,2.0,52.89805269,49.01783506,5.98506792,67.8033603,103.14,93.36989033,6.23,79.40723634,15.48,69.1550349,18.9,62.85750443,5.3,39.20692922,60.0,91.6080402,6.8,65.62988027,22.8,73.40937896,73.59320023,7.63400684,84.78315683,16.7357,73.2189,10.0454,29.8204,40.8131,17.5844,0.1776,4.0063,0.0,7.5982,Sacramento ,McClellan Park,06067007301,California,Sacramento County,0.58,0.95,0.53,0.57,0.54,0.98,0.08,0.01,0.91,0.51,0.74,0.91,0.98,0.18,0.91,0.91,1,0.81,0.21,0.94,0.47,0.82,5067.0,0.34,0.7,0.09,0.69,0,1,1,1,0,1,1,1,1,1,0, ,0,1,1,1,0,0,1,0,0,1,0,0,0, ,0,1,0,1,0,0,0,0,1,0,0,0,0,1,1,0,0,0,7.0,6.0,0,0,0,0.0,0.0,0.0,1,0,0.0,1,1,0,1,1,0,1,1,1,0.0,1,0,0.65,0.46,0.69,0,0,0,0.7,0,0, ,0,0,0.19,0.0,0.04,0.0,0.1,0.4,0.29,0.02,0.16,0.73,0.1,0.0,0.0,0.0,0.0,Nation,21.0
-121.20786285356684,38.62776565527223,1,24,1,24,466,Sparkz Rancho Cordova Battery Factory,Sparkz,Rumored,1,11/21/2023 12:00:00 AM,,,Batteries,Manufacturing,Battery Pack,1,38.62776566,-121.20786285,Rancho Cordova,CA,USA,1000,,,,925,,CA3,Republican,6067008705.0,95742,8532,25.49860431,49.86132123,0.05187254,65.73739888,8.18623358,16.20410703,0.0570919,20.87118855,0.03199993,18.51724138,39.30756633,16.46661665,1453.386648,77.05,631.6399064,70.71312601,18.57158594,10.88846881,44.0,94.56886898,237.5,99.43549726,3.145,96.38649901,8,72.15455691,11.5,93.2416953,55.08982011,6.72645609,82.58867455,30.67,26.0219342,4.26,32.75596613,17.18,77.00648056,1.7,4.66970387,4.8,36.45960211,9.2,8.37939698,8.0,75.3774076,10.1,14.24588086,36.54392929,3.79079324,29.76550681,19.1866,73.4998,7.3136,13.1388,44.0108,6.2236,0.1406,29.3249,0.4219,6.7393,Sacramento ,Rancho Cordova,06067008705,California,Sacramento County,0.04,0.27,0.02,0.29,0.04,0.99,0.07,0.0,0.1,0.27,0.72,0.03,0.95,0.01,0.21,0.07,0,0.09,0.21,0.81,0.27,0.36,8532.0,0.19,0.78,0.0,0.15,0,0,0,0,0,0,0,0,0,0,0, ,0,0,0,0,0,0,1,0,0,1,0,0,0, ,0,0,0,0,0,0,0,0,0,0,0,0,0,0,0,0,0,0,0.0,0.0,0,0,0,0.0,0.0,0.0,0,0,0.0,1,1,0,0,0,0,0,0,0,0.0,0,0,0.13,0.43,0.89,0,0,0,0.13,0,0,0,0,0,0.06,0.0,0.29,0.0,0.1,0.44,0.13,0.01,0.19,0.73,0.07,0.0,0.0,0.0,0.0,Nation,21.0
-121.81722259566241,39.70699310322403,1,25,1,25,477,Nanotech Energy Chico 2 Battery Factory (Expansion),Nanotech Energy,Under Construction,1,11/10/2022 12:00:00 AM,,2024,Batteries,Manufacturing,Battery Pack,1,39.7069931,-121.8172226,Chico,CA,USA,,0.1,,GWh,130,,CA1,Republican,6007001200.0,95928,3706,29.27897118,57.43822491,0.0486551,57.06285003,8.44683626,21.58058494,0.15121188,51.52457996,990.5573623,89.10344828,1.66201193,5.45136284,438.6363572,16.6125,371.5637971,38.81603597,59.76604211,65.48204159,40.7,93.65434864,60.4,92.52864021,0.29,47.59761747,2,23.87652247,7.5,84.74226804,51.62941009,6.30394072,74.61107654,46.04,50.54835494,2.44,3.96458815,10.71,35.71784646,6.0,25.8921792,0.0,0.0,57.7,89.87437186,12.6,93.49297241,28.6,88.09885932,44.7743032,4.64455053,42.32223903,5.5316,84.9703,9.4981,17.5661,76.3627,0.1619,0.0,1.1603,0.0,4.7491,Butte ,Chico,06007001200,California,Butte County,0.07,0.89,0.14,0.36,0.68,0.99,0.96,0.04,0.89,0.79,0.12,0.74,0.98,0.05,0.94,0.63,1,0.76,0.21,0.26,0.36,0.83,3706.0,0.54,0.92,0.96,0.7,0,0,0,0,0,0,0,0,0,0,0, ,0,0,0,0,0,0,1,1,0,1,0,0,0, ,0,0,0,0,0,1,0,0,0,0,0,1,0,1,0,0,0,0,0.0,0.0,0,0,0,0.0,0.0,0.0,0,0,0.0,1,1,0,0,0,0,0,1,0,0.0,0,0,0.75,0.98,0.94,1,1,0,0.93,1,0, ,0,0,0.0,0.0,0.01,0.0,0.04,0.76,0.17,0.05,0.05,0.84,0.09,0.0,0.0,0.0,0.0,Nation,21.0
-121.92734527600027,37.46351623569608,1,26,1,26,482,Gotion Assembly Facility,Gotion,Operating,1,2014,12/21/2023 12:00:00 AM,2023,Batteries,Manufacturing,Storage Battery,0,37.46351624,-121.92734528,Fremont,CA,USA,,1.0,,GWh,,,CA17,Democrat,6001441503.0,94560,8013,23.05521689,44.65456379,0.03707046,13.71499689,8.54483477,23.99502178,0.59052668,92.69446173,0.00117315,5.17241379,478.3923545,50.76269067,2013.531144,87.325,238.2000055,10.22855002,11.88955861,5.14177694,173.1,99.92534528,81.35,95.38435995,9.955,99.51025811,3,33.15833683,11.45,92.98969072,52.15077538,6.36759931,75.91785937,30.19,25.4112662,5.78,70.60559405,11.29,40.41625125,4.9,20.85547963,8.1,53.86385167,6.6,3.54271357,4.7,40.60385216,6.1,2.78833967,34.90427559,3.62070786,27.30711044,18.1705,73.4681,8.3614,3.4694,8.7732,1.9718,0.8611,82.5783,0.3744,1.9718,Alameda ,Fremont,06001441503,California,Alameda County,0.03,0.0,0.0,0.64,0.01,0.99,0.26,0.12,0.03,0.2,0.82,0.07,0.94,0.04,0.07,0.05,0,0.09,0.78,0.65,0.74,0.94,8013.0,0.82,0.49,0.36,0.35,0,0,0,0,0,0,0,0,0,0,0, ,0,0,0,0,0,0,1,0,0,1,0,0,0, ,0,0,0,0,1,0,0,0,0,0,0,0,0,0,0,0,0,0,0.0,0.0,0,0,0,0.0,0.0,0.0,0,0,0.0,1,1,0,0,1,0,0,0,0,0.0,0,0,0.4,0.86,0.72,0,0,0,0.27,0,0,0,0,0,0.01,0.0,0.82,0.0,0.02,0.08,0.03,0.01,0.18,0.73,0.08,0.0,0.0,0.0,0.0,Nation,21.0
-121.72617340088286,37.696250915420265,1,27,1,27,485,Sparkz Livermore Battery Factory,Sparkz,Pilot,1,1/25/2022 12:00:00 AM,,,Batteries,Manufacturing,Battery Pack,0,37.69625092,-121.7261734,Livermore,CA,USA,700,,,,800,0,CA14,Democrat,6001451504.0,94551,1709,11.70379704,17.08270298,0.04539285,42.56378345,8.56114754,24.54262601,0.25342532,70.59116366,0.0,0.0,123.2776693,25.93148287,1447.112039,76.85,466.4475659,55.97602098,14.90658749,7.42281033,12.7,70.41806644,30.25,79.82732857,7.075,98.80873594,0,0.0,1.0,35.71592211,44.30782748,5.40997693,54.94710641,29.54,24.20239282,2.78,6.78727226,9.93,29.37437687,4.0,16.2110858,9.4,59.37203952,4.6,1.25628141,3.7,26.86100989,7.0,4.24588086,20.85530341,2.16337282,8.78719112,16.3839,69.9824,13.6337,19.0755,54.5348,0.9947,0.0,23.9321,0.0,1.4628,Alameda ,Livermore,06001451504,California,Alameda County,0.07,0.27,0.07,0.39,0.08,0.71,0.09,0.12,0.48,0.21,0.85,0.28,0.94,0.04,0.06,0.03,0,0.01,0.21,0.92,0.62,0.77,1709.0,0.15,0.34,0.76,0.75,0,0,0,0,0,0,0,0,0,0,0, ,0,0,0,0,0,0,0,0,0,1,0,0,0, ,0,0,0,1,0,0,0,0,0,0,0,0,0,0,0,0,0,0,0.0,0.0,0,0,0,0.0,0.0,0.0,0,0,0.0,0,1,0,0,1,0,0,0,0,0.0,0,0,0.46,0.89,0.87,0,0,0,0.82,0,0, ,0,0,0.0,0.0,0.23,0.0,0.01,0.54,0.19,0.07,0.16,0.69,0.13,0.0,0.0,0.0,0.0,Nation,21.0
-121.33174896283418,38.579147339208035,1,28,1,28,502,LiCAP Technologies California Battery Factory (Expansion?),LiCAP Technologies,Planned,0,5/18/2023 12:00:00 AM,,,Batteries,Manufacturing,Battery Cell Components,1,38.57914734,-121.33174896,Rancho Cordova,CA,USA,,0.25,,GWh,,,CA6,Democrat,6067008909.0,95670,2467,21.98362721,42.1079173,0.04901945,58.2327318,9.02087204,37.78469197,0.05695639,20.7840697,0.003894,8.86206897,62.5235659,19.75493873,658.0493218,32.7875,476.2486007,57.64955664,30.7546094,24.86452426,7.9,52.33296006,11.75,51.2203221,0.1,16.63798809,5,51.21797564,0.0,0.0,33.15395656,4.04809151,24.55507156,48.28,53.91326022,4.61,41.46779574,13.67,58.34995015,9.4,39.53429512,5.1,38.13777236,38.1,66.30653266,9.4,83.62831858,15.2,39.69581749,52.35210797,5.43061518,53.90821987,13.6198,66.8018,19.5784,19.7,48.6826,7.499,0.0,7.0531,0.0,17.0653,Sacramento ,Rancho Cordova,06067008909,California,Sacramento County,0.61,0.77,0.59,0.54,0.18,0.98,0.03,0.0,0.76,0.34,0.73,0.39,0.97,0.09,0.78,0.65,1,0.08,0.21,0.89,0.82,0.76,2467.0,0.21,0.84,0.11,0.47,0,0,1,1,0,0,0,0,1,0,0, ,0,0,0,0,0,0,1,0,0,1,0,0,0, ,0,0,0,0,0,0,0,0,0,0,0,0,0,0,0,0,0,0,4.0,2.0,0,0,0,0.0,0.0,0.0,0,0,0.0,1,1,0,0,0,0,0,0,1,0.0,0,0,0.4,0.91,0.96,1,1,0,0.31,0,0, ,0,0,0.07,0.0,0.07,0.0,0.18,0.48,0.19,0.06,0.13,0.66,0.19,0.0,0.0,0.0,0.0,Nation,21.0
-117.53052520781529,34.06867980954089,1,29,1,29,503,Cenntro Group Ontario Assembly Plant,Cenntro Group,Rumored,1,7/11/2023 12:00:00 AM,,,EVs,Manufacturing,EVs,1,34.06867981,-117.53052521,Ontario,CA,USA,,,,,,,CA35,Democrat,6071012700.0,91761,3920,33.47292485,64.90166415,0.06350576,91.05164904,13.47252671,95.6565028,0.78620486,96.63970131,0.0,0.0,1969.309001,78.91972993,2145.197558,89.1125,796.6465081,93.26839016,16.16026086,8.60743541,0.0,0.0,5.0,30.88162045,0.71,78.75579087,0,0.0,4.0,70.42382589,58.10874153,7.0950658,87.96515246,43.8,47.30807577,5.18,57.09520144,15.18,67.29810568,9.6,40.45811187,2.3,18.10799838,15.8,23.90703518,5.7,53.8912025,13.8,32.26869455,45.4802014,4.71777511,43.48209783,14.2602,77.551,8.1888,60.5867,25.2551,5.5102,0.0,6.6582,0.0,1.9898,San Bernardino,Ontario,06071012700,California,San Bernardino County,0.21,0.24,0.05,0.95,0.24,0.55,0.34,0.25,0.27,0.18,0.57,0.19,0.97,0.09,0.18,0.17,0,0.04,0.6,0.65,0.95,0.86,3920.0,0.96,0.6,0.54,0.49,0,0,0,0,0,0,0,0,0,0,0, ,0,0,0,0,0,0,0,0,0,1,1,1,0, ,0,0,1,0,0,0,0,0,0,0,0,0,0,0,0,0,0,0,0.0,0.0,0,0,0,0.0,0.0,0.0,0,0,0.0,0,1,1,0,1,0,0,0,0,0.0,0,0,0.79,0.77,0.71,0,0,0,0.87,0,0,0,0,0,0.05,0.0,0.06,0.0,0.11,0.25,0.6,0.13,0.14,0.77,0.08,0.0,0.0,0.0,0.0,Nation,21.0
-117.99881744422882,34.14177322355075,1,30,1,30,507,Mullen Monrovia California Battery Factory,Mullen,Closed,1,9/24/2020 12:00:00 AM,,2022,Batteries,Manufacturing,Battery Pack,0,34.14177322,-117.99881744,Monrovia,CA,USA,,,,,,,CA31,Democrat,6037431100.0,91016,6758,39.69784916,74.50832073,0.06133785,84.57996266,11.8926537,72.90603609,0.52993389,90.91474798,0.0,0.0,1575.716309,74.35608902,1560.164232,79.2625,497.7551677,60.33470713,54.59725145,57.99621928,43.5,94.43822322,36.75,84.14411423,1.885,92.15089345,2,23.87652247,8.75,87.94959908,68.86647868,8.40858337,97.88425638,46.9,51.85692921,3.91,24.57018219,10.87,36.889332,16.0,57.61832447,10.1,62.24116931,32.2,57.29899497,6.2,59.38313378,13.3,29.72116603,45.51235276,4.72111025,43.58295512,11.2607,81.4442,7.2951,58.2273,16.1438,8.9967,0.0,14.6493,0.873,1.1098,Los Angeles,Monrovia,06037431100,California,Los Angeles County,0.41,0.05,0.12,0.75,0.12,0.08,0.05,0.19,0.73,0.17,0.86,0.0,0.94,0.16,0.35,0.58,1,0.69,0.21,0.98,0.5,0.95,6758.0,0.98,0.65,0.77,0.79,0,0,0,0,0,0,0,0,0,0,0, ,0,0,0,0,0,0,0,0,0,1,0,1,0,1,0,0,0,1,1,0,0,0,0,0,0,0,0,0,0,0,0,0,0.0,0.0,0,0,0,0.0,0.0,0.0,1,0,0.0,1,1,1,0,1,0,0,0,0,0.0,1,0,0.43,0.91,0.77,1,0,0,0.88,0,0, ,0,0,0.09,0.0,0.14,0.0,0.02,0.16,0.58,0.14,0.11,0.81,0.07,0.0,0.0,0.0,0.0,Nation,21.0
-117.90126037562736,33.86759185761855,1,31,1,31,508,Mullen Fullerton California Battery Factory,Mullen,Planned,1,11/13/2023 12:00:00 AM,,2025,Batteries,Manufacturing,Battery Pack,1,33.86759186,-117.90126038,Fullerton,CA,USA,,1.0,,GWh,,,CA46,Democrat,6059011403.0,92831,6654,41.49198662,77.3197176,0.04791979,53.72744244,12.18148916,87.89047915,0.27255576,73.45364032,0.0,0.0,3958.203369,89.12228057,540.4649528,23.975,685.445108,75.65879855,80.92645653,90.09451796,70.65,98.20828667,53.75,91.11738336,3.695,96.99536731,0,0.0,4.0,70.42382589,64.9431708,7.92954826,95.83074051,43.59,46.99651047,4.57,40.46702592,11.15,39.08275174,20.7,65.9453303,4.3,33.30626607,40.0,69.15829146,7.3,69.9765747,18.2,55.13307985,50.44300226,5.23257887,51.03378719,17.6285,72.4076,9.9639,56.2068,28.7346,1.7884,0.2555,8.3709,0.0,4.6438,Orange ,Fullerton,06059011403,California,Orange County,0.39,0.22,0.25,0.84,0.15,0.0,0.15,0.02,0.83,0.37,0.7,0.0,0.97,0.2,0.7,0.71,1,0.8,0.96,0.92,0.95,0.98,6654.0,0.83,0.74,0.4,0.73,0,0,0,1,0,1,1,0,1,0,0, ,0,0,0,0,0,0,0,0,0,1,0,0,0, ,1,0,1,1,1,0,0,0,0,0,0,0,0,0,0,0,0,0,5.0,3.0,0,0,0,0.0,0.0,0.0,1,0,0.0,0,1,0,1,1,0,0,0,1,0.0,1,0,0.46,0.38,0.33,0,0,0,0.86,0,0, ,0,0,0.02,0.0,0.08,0.0,0.05,0.28,0.56,0.1,0.17,0.72,0.09,0.0,0.0,0.0,0.0,Nation,21.0
-118.25505828845773,34.119377136326015,1,32,1,32,532,Xos Los Angeles Facility,Xos,Operating,1,3/1/2020 12:00:00 AM,5/1/2021 12:00:00 AM,,EVs,Manufacturing,EVs,0,34.11937714,-118.25505829,Los Angeles,CA,USA,,,,,,,CA30,Democrat,6037187101.0,90039,3438,35.34779344,68.06606152,0.05116215,64.72930927,11.96632968,76.65214686,0.46851473,88.52520224,0.0,0.0,1482.025655,72.96824206,2339.096356,90.9625,488.7862335,59.71025353,75.11805652,84.83931947,37.1,92.44120941,43.75,87.74696995,1.895,92.21707478,6,58.69382612,1.5,42.31386025,69.75977715,8.51765493,98.29495955,45.8,50.18693918,3.06,9.85373364,9.99,29.88534397,18.6,62.38926854,11.9,68.39897144,23.2,41.03015075,2.7,13.1832379,20.6,65.18377693,40.00621002,4.14994429,35.37569339,7.1844,70.3316,22.484,41.4776,36.0675,0.6981,0.0,20.0407,0.0,1.7161,Los Angeles,Los Angeles,06037187101,California,Los Angeles County,0.47,0.01,0.21,0.87,0.18,0.0,0.05,0.44,0.62,0.12,0.88,0.0,0.95,0.18,0.41,0.44,0,0.91,0.21,0.99,0.86,0.95,3438.0,0.91,0.2,0.96,0.78,0,0,0,0,0,0,0,0,0,0,0, ,0,0,0,0,0,0,0,0,0,1,0,1,0,0,0,0,0,1,1,1,0,0,0,0,0,0,0,0,0,0,0,0,0.0,0.0,0,0,0,0.0,0.0,0.0,1,0,0.0,1,1,1,0,1,0,0,0,0,0.0,1,0,0.34,0.85,0.94,0,1,0,0.87,0,0, ,0,0,0.0,0.0,0.2,0.0,0.02,0.36,0.41,0.15,0.07,0.7,0.22,0.0,0.0,0.0,0.0,Nation,21.0
-121.28242492657715,38.592788696382144,1,33,1,33,533,CyboEnergy Rancho Cordova Factory,CyboEnergy,Operating,1,6/1/2011 12:00:00 AM,7/1/2013 12:00:00 AM,2013,Solar,Manufacturing,Inverters,0,38.5927887,-121.28242493,Rancho Cordova,CA,USA,,,,,,,CA6,Democrat,6067009010.0,95670,5408,39.7480953,74.60917801,0.05022962,62.5264468,8.76344776,31.78593653,0.4204996,86.09831985,0.0,0.0,54.80656687,18.70467617,2072.187808,88.1625,703.8531176,78.0067441,26.05285858,19.02961563,28.95,88.1485629,28.3,78.11721733,0.6,74.73196559,0,0.0,0.0,0.0,48.09270298,5.87210948,65.3018046,69.6,78.0782652,5.76,70.15653066,18.22,81.41824526,6.6,28.44849405,8.3,54.58113412,41.8,71.90954774,10.2,87.06402915,12.9,27.78200253,65.25402762,6.76896359,73.34846193,11.9083,80.7322,7.3595,10.2811,43.0658,14.8114,0.4253,22.7996,1.5717,7.0451,Sacramento ,Rancho Cordova,06067009010,California,Sacramento County,0.06,0.75,0.03,0.51,0.24,0.0,0.01,0.0,0.75,0.22,0.83,0.65,0.96,0.06,0.46,0.63,1,0.17,0.21,0.92,0.69,0.82,5408.0,0.82,0.87,0.04,0.6,0,0,0,0,0,0,0,0,1,1,1, ,0,0,0,0,0,0,0,0,0,1,0,0,0, ,0,0,0,1,0,0,0,0,0,0,0,0,0,0,0,0,0,0,0.0,0.0,0,0,0,0.0,0.0,0.0,0,0,0.0,0,1,0,0,1,0,0,0,0,0.0,0,0,0.3,0.3,0.75,0,0,0,0.89,0,0, ,0,0,0.14,0.0,0.23,0.01,0.08,0.43,0.1,0.01,0.11,0.8,0.07,0.0,0.0,0.0,0.0,Nation,21.0
-117.0424499515163,32.93776702918313,1,34,1,34,534,EPC Power California Factory,EPC Power,Operating,1,2010,2010,2010,Solar,Manufacturing,Inverters,0,32.93776703,-117.04244995,Poway,CA,USA,,,,,,,CA48,Republican,6073017049.0,92064,3364,21.19395345,40.39334342,0.04981739,60.9334163,9.23993755,41.08276291,0.090154,33.69010579,0.0,0.0,60.7115059,19.55488872,753.5891288,40.7125,307.5573979,25.37779443,50.88903918,52.76622558,7.7,51.97835013,25.3,75.16187946,1.325,89.10655195,3,33.15833683,0.5,22.08476518,40.94246672,4.99906705,45.57560672,23.73,14.25722832,4.85,48.26789838,9.49,25.34895314,12.0,48.29157175,6.4,45.37826499,30.3,54.38442211,6.3,60.56741281,17.9,53.62484157,40.8703313,4.23958175,36.52294503,15.6659,73.6326,10.7015,24.8216,59.0071,1.4863,0.0,9.6611,1.1593,3.8644,San Diego,Poway,06073017049,California,San Diego County,0.21,0.27,0.25,0.35,0.18,0.68,0.81,0.61,0.6,0.46,0.78,0.16,0.84,0.12,0.53,0.5,1,0.19,0.77,0.18,0.72,0.88,3364.0,0.18,0.66,0.72,0.44,0,0,0,0,0,0,0,0,0,0,0, ,0,0,0,0,0,0,0,0,0,0,0,0,0, ,0,0,0,0,0,0,0,0,0,0,0,0,0,0,0,0,0,0,0.0,0.0,0,0,0,0.0,0.0,0.0,1,0,0.0,0,0,0,0,0,0,0,0,0,0.0,1,0,0.75,0.86,0.88,0,0,0,0.41,0,0, ,0,0,0.01,0.0,0.09,0.01,0.03,0.59,0.24,0.05,0.15,0.73,0.1,0.0,0.0,0.0,0.0,Nation,21.0
-122.81571960465806,38.548740387198585,1,35,1,35,566,Staubl California Facility Expansion,Staubli,Operating,1,5/1/2024 12:00:00 AM,2011,,Solar,Manufacturing,Solar Components,1,38.54874039,-122.8157196,Windsor,CA,USA,,,,,,,CA2,Democrat,6097153808.0,95492,4393,22.8010307,43.94856278,0.03521715,11.56191661,6.72571008,5.73739888,0.33235285,79.55196017,3.88650503,52.55172414,0.01140357,1.08777194,1083.740025,63.0125,163.8341659,5.14549769,30.03136049,24.03276623,21.35,83.14669653,17.0,63.37373402,0.7,78.39841165,5,51.21797564,12.5,94.11225659,44.90673293,5.48310317,56.40323584,41.01,43.14556331,3.47,15.66589684,13.15,54.96011964,18.6,62.38926854,6.1,43.87603194,19.6,33.36683417,5.3,48.25611661,12.0,23.37135615,40.08789071,4.15841723,35.47655068,9.9932,71.9326,18.0742,43.8197,48.4179,0.6374,1.2975,2.5723,0.0,3.2552,Sonoma ,Windsor,06097153808,California,Sonoma County,0.3,0.49,0.35,0.18,0.15,0.97,0.64,0.08,0.28,0.44,0.77,0.54,0.64,0.18,0.32,0.27,0,0.15,0.78,0.29,0.79,0.54,4393.0,0.86,0.56,0.43,0.89,0,0,0,0,0,0,0,0,0,0,0, ,0,0,0,0,0,0,1,0,0,0,0,0,0, ,0,0,0,0,0,0,0,0,0,0,0,0,0,0,0,0,0,0,0.0,0.0,0,0,0,0.0,0.0,0.0,1,0,0.0,1,0,0,0,0,0,0,0,0,0.0,1,0,0.53,0.58,0.8,0,0,0,0.76,0,0, ,0,0,0.0,0.04,0.02,0.0,0.06,0.48,0.43,0.19,0.09,0.71,0.18,0.0,0.0,0.0,0.0,Nation,21.0
-117.84749603249796,34.015022277633015,1,36,1,36,,Proterra Battery Manufacturing Facility,Proterra,Sold,1,12/10/2020 12:00:00 AM,2020,2020,Batteries,Manufacturing,Battery Cell,0,34.01502228,-117.84749603,City of Industry,CA,USA,,,1.0,GWh,,,CA38,Democrat,6037403303.0,91789,2741,28.46245363,55.84972264,0.05168937,65.68761668,12.29942209,89.63285625,0.51419742,90.4293715,0.0,0.0,2067.030721,80.00750188,1608.627916,80.25,435.9366274,51.11777195,24.50810785,17.31568998,1.0,17.07726764,0.3,2.10858376,0.53,71.14493713,5,51.21797564,4.5,72.39404353,53.79958787,6.56891899,79.82576229,26.46,19.09272183,3.57,17.68026687,10.71,35.71784646,17.0,59.76967856,18.6,84.54459331,27.2,48.91959799,4.9,43.0895367,19.4,60.55766793,41.76991331,4.33289764,37.73323248,10.1058,72.0175,17.8767,31.4849,9.3761,3.0281,0.5108,55.4177,0.0,0.1824,Los Angeles,Industry,06037403303,California,Los Angeles County,0.64,0.0,0.31,0.84,0.12,0.08,0.06,0.51,0.67,0.07,0.94,0.0,0.98,0.17,0.51,0.49,0,0.22,0.82,0.67,0.9,0.7,2741.0,0.98,0.51,0.95,0.67,0,1,0,0,0,0,0,0,1,1,0, ,0,0,0,0,0,0,0,0,0,1,0,1,0, ,0,0,1,0,0,1,0,0,0,0,0,0,1,0,0,0,0,0,1.0,1.0,0,0,0,0.0,0.0,0.0,1,0,0.0,1,1,1,0,1,0,0,1,0,0.0,1,0,0.86,0.91,0.72,1,0,0,0.89,0,0, ,0,0,0.03,0.01,0.55,0.0,0.01,0.09,0.31,0.13,0.1,0.72,0.17,0.0,0.0,0.0,0.0,Nation,21.0
-117.84749603249796,34.015022277633015,1,37,1,37,,Proterra Battery Manufacturing Facility,Volvo,Operating,0,12/10/2020 12:00:00 AM,2020,2020,Batteries,Manufacturing,Battery Cell,0,34.01502228,-117.84749603,City of Industry,CA,USA,105,,1.0,GWh,,,CA38,Democrat,6037403303.0,91789,2741,28.46245363,55.84972264,0.05168937,65.68761668,12.29942209,89.63285625,0.51419742,90.4293715,0.0,0.0,2067.030721,80.00750188,1608.627916,80.25,435.9366274,51.11777195,24.50810785,17.31568998,1.0,17.07726764,0.3,2.10858376,0.53,71.14493713,5,51.21797564,4.5,72.39404353,53.79958787,6.56891899,79.82576229,26.46,19.09272183,3.57,17.68026687,10.71,35.71784646,17.0,59.76967856,18.6,84.54459331,27.2,48.91959799,4.9,43.0895367,19.4,60.55766793,41.76991331,4.33289764,37.73323248,10.1058,72.0175,17.8767,31.4849,9.3761,3.0281,0.5108,55.4177,0.0,0.1824,Los Angeles,Industry,06037403303,California,Los Angeles County,0.64,0.0,0.31,0.84,0.12,0.08,0.06,0.51,0.67,0.07,0.94,0.0,0.98,0.17,0.51,0.49,0,0.22,0.82,0.67,0.9,0.7,2741.0,0.98,0.51,0.95,0.67,0,1,0,0,0,0,0,0,1,1,0, ,0,0,0,0,0,0,0,0,0,1,0,1,0, ,0,0,1,0,0,1,0,0,0,0,0,0,1,0,0,0,0,0,1.0,1.0,0,0,0,0.0,0.0,0.0,1,0,0.0,1,1,1,0,1,0,0,1,0,0.0,1,0,0.86,0.91,0.72,1,0,0,0.89,0,0, ,0,0,0.03,0.01,0.55,0.0,0.01,0.09,0.31,0.13,0.1,0.72,0.17,0.0,0.0,0.0,0.0,Nation,21.0
-117.97089385979766,34.105636596374275,1,38,1,38,592,Caelux California Facility,Caelux Corporation,Operating,1,n.d.,8/14/2023 12:00:00 AM,2023,Solar,Manufacturing,Solar Modules,1,34.1056366,-117.97089386,Baldwin Park,CA,USA,24,0.1,,GW,,,CA31,Democrat,6037405001.0,91706,6029,50.26821297,88.21230459,0.060311,82.47666459,11.8354872,70.76540137,0.07953526,29.65774736,0.0065211,10.93103448,1744.423604,76.30657664,555.0166348,25.1,745.1908893,84.92569002,80.8555409,90.05671078,14.0,73.36692796,25.85,75.67657314,0.155,27.08140304,2,23.87652247,9.35,89.32416953,58.47335851,7.13958546,88.69943995,66.86,76.12163509,5.7,68.86066205,14.78,65.06729811,33.8,84.18121994,16.9,81.18825281,32.4,57.62562814,5.7,53.8912025,17.5,51.77439797,67.87433601,7.04077474,77.15582451,10.267,76.3974,13.3355,85.52,2.8031,0.5805,0.0,10.5988,0.0,0.4976,Los Angeles,Baldwin Park,06037405001,California,Los Angeles County,0.52,0.03,0.12,0.76,0.21,0.03,0.05,0.21,0.61,0.57,0.93,0.0,0.95,0.33,0.44,0.56,1,0.82,0.7,0.94,0.83,0.91,6029.0,0.31,0.6,0.27,0.53,0,1,0,0,0,0,0,0,1,1,0, ,0,0,0,0,0,0,0,0,0,1,0,0,0, ,0,0,0,1,1,0,0,0,0,0,0,0,1,0,0,0,0,0,1.0,1.0,0,0,0,0.0,0.0,0.0,1,0,0.0,0,1,0,0,1,0,0,1,0,0.0,1,0,0.81,0.37,0.33,0,0,0,0.85,0,0, ,0,0,0.0,0.0,0.1,0.0,0.06,0.02,0.85,0.33,0.1,0.76,0.13,0.0,0.0,0.0,0.0,Nation,21.0
-121.58303833004796,38.55569076540583,1,39,1,39,673,Sepion West Sacramento Facility,Sepion Technologies,Planned,1,10/3/2024 12:00:00 AM,,2027,Batteries,Manufacturing,Battery Cell Components,1,38.55569077,-121.58303833,West Sacramento,CA,USA,,50000.0,,# EVs supported by annual production,,,CA7,Democrat,6113010401.0,95620,4771,14.47581806,24.26878467,0.04429899,35.27069073,8.33085256,18.75544493,0.02745936,9.69508401,299.7248958,82.96551724,88.1800664,22.33058265,571.3274235,26.3125,423.087842,48.69489197,24.92002713,17.75677379,13.45,72.06047032,38.75,85.35613482,0.345,55.42025149,13,91.87316254,7.0,83.27605956,47.68086236,5.82182382,64.05724953,32.16,29.11266201,2.07,2.29663844,12.08,46.58524427,5.3,22.76638826,2.8,22.1680877,17.4,28.16582915,3.3,21.1087975,10.4,15.50063371,23.97006442,2.48647477,12.02723147,15.72,65.8353,18.4448,21.2115,62.7751,1.1947,0.2725,11.8214,0.0,2.7248,Yolo ,Unincorporated Yolo County area,06113010401,California,Yolo County,0.22,0.18,0.25,0.29,0.15,0.99,0.03,0.03,0.2,0.11,0.61,0.11,0.98,0.05,0.31,0.15,0,0.46,0.64,0.94,0.34,0.54,4771.0,0.82,0.29,0.68,0.25,0,0,0,0,0,0,0,0,0,0,0, ,0,0,0,0,0,0,1,0,0,1,0,0,0, ,0,0,0,1,0,0,0,0,0,0,0,0,0,0,0,0,0,0,0.0,0.0,0,0,0,0.0,0.0,0.0,0,0,0.0,1,1,0,0,1,0,0,0,0,0.0,0,0,0.11,0.87,0.75,0,0,0,0.88,0,0,1,1,0,0.01,0.0,0.12,0.0,0.05,0.62,0.21,0.04,0.15,0.65,0.18,0.0,0.0,0.0,0.0,Nation,21.0
-122.17937469510804,37.71368408186956,1,40,1,40,,Northvolt San Leandro Facility,Northvolt,Sold,0,2/24/2021 12:00:00 AM,,,Batteries,Manufacturing,Battery Cell,0,37.71368408,-122.17937469,San Leandro,CA,USA,,,,,,222,CA12,Democrat,6001432400.0,94577,7003,49.04053426,86.77508825,0.03190818,6.38456752,8.62150399,26.9695084,0.62034563,93.50342253,0.0,0.0,867.9546917,61.69042261,1808.19602,84.0125,110.4123824,4.20881729,71.578464,80.9199748,35.4,90.38820455,116.7,97.42653163,2.36,94.12309729,11,86.95926081,23.2,98.99198167,61.00003949,7.4480927,92.10952085,75.09,82.12861416,6.94,89.27380036,13.66,58.28763709,20.5,65.65426474,8.8,56.85478414,27.3,49.12060302,3.8,28.20145757,17.6,52.09125475,63.47391169,6.58430771,70.66313666,12.1662,77.1669,10.6669,42.1248,16.9927,6.64,0.0,29.8158,1.7992,2.6274,Alameda ,San Leandro,06001432400,California,Alameda County,0.52,0.27,0.29,0.59,0.24,0.06,0.07,0.02,0.8,0.28,0.84,0.79,0.96,0.2,0.53,0.48,0,0.78,0.53,0.54,0.94,0.89,7003.0,0.92,0.35,0.38,0.8,0,0,0,0,0,0,0,0,0,0,0, ,0,0,0,0,0,0,0,0,0,1,0,1,0, ,0,0,1,0,0,0,0,0,0,0,0,0,0,0,0,0,0,0,0.0,0.0,0,0,0,0.0,0.0,0.0,1,0,0.0,0,1,1,0,1,0,0,0,0,0.0,1,0,0.54,0.71,0.33,0,0,1,0.79,0,0, ,0,0,0.07,0.0,0.29,0.01,0.06,0.16,0.42,0.09,0.12,0.77,0.1,0.0,0.0,0.0,0.0,Nation,21.0
-122.17937469510804,37.71368408186956,1,41,1,41,,Lyten San Leandro Facility (purchased from Northvolt),Lyten,Planned,1,11/13/2024 12:00:00 AM,,2025,Batteries,Manufacturing,Battery Cell,1,37.71368408,-122.17937469,San Leandro,CA,USA,10,0.2,,GWh,,,CA12,Democrat,6001432400.0,94577,7003,49.04053426,86.77508825,0.03190818,6.38456752,8.62150399,26.9695084,0.62034563,93.50342253,0.0,0.0,867.9546917,61.69042261,1808.19602,84.0125,110.4123824,4.20881729,71.578464,80.9199748,35.4,90.38820455,116.7,97.42653163,2.36,94.12309729,11,86.95926081,23.2,98.99198167,61.00003949,7.4480927,92.10952085,75.09,82.12861416,6.94,89.27380036,13.66,58.28763709,20.5,65.65426474,8.8,56.85478414,27.3,49.12060302,3.8,28.20145757,17.6,52.09125475,63.47391169,6.58430771,70.66313666,12.1662,77.1669,10.6669,42.1248,16.9927,6.64,0.0,29.8158,1.7992,2.6274,Alameda ,San Leandro,06001432400,California,Alameda County,0.52,0.27,0.29,0.59,0.24,0.06,0.07,0.02,0.8,0.28,0.84,0.79,0.96,0.2,0.53,0.48,0,0.78,0.53,0.54,0.94,0.89,7003.0,0.92,0.35,0.38,0.8,0,0,0,0,0,0,0,0,0,0,0, ,0,0,0,0,0,0,0,0,0,1,0,1,0, ,0,0,1,0,0,0,0,0,0,0,0,0,0,0,0,0,0,0,0.0,0.0,0,0,0,0.0,0.0,0.0,1,0,0.0,0,1,1,0,1,0,0,0,0,0.0,1,0,0.54,0.71,0.33,0,0,1,0.79,0,0, ,0,0,0.07,0.0,0.29,0.01,0.06,0.16,0.42,0.09,0.12,0.77,0.1,0.0,0.0,0.0,0.0,Nation,21.0
-122.12229919418068,37.62972640990019,1,42,1,42,705,Motiv Hayward Facility,Motiv Electric Trucks,Operating,1,1/1/2015 12:00:00 AM,5/27/2015 12:00:00 AM,2015,EVs,Manufacturing,EVs,0,37.62972641,-122.12229919,Hayward,CA,USA,,480.0,,# EVs supported by annual production,20,,CA14,Democrat,6001437101.0,94587,7867,39.53146382,74.20574887,0.03521715,11.56191661,8.64426469,27.94026136,0.07445122,27.60423149,0.0,0.0,1338.753337,70.58014504,1868.584695,85.0875,194.0363286,6.88147871,35.52510736,31.17832388,89.2,98.99216125,140.85,98.0906525,9.56,99.3514229,11,86.95926081,23.0,98.94616266,53.8921321,6.58021862,80.06222775,91.26,90.09222333,6.34,81.21632025,17.46,78.11565304,12.9,50.51885599,4.6,35.33631073,20.2,34.69849246,4.0,30.88235294,9.5,12.00253485,57.91455413,6.00762164,62.27937468,9.6352,77.984,12.3808,23.4778,15.0629,7.3599,0.9025,43.0024,5.2879,4.9066,Alameda ,Hayward,06001437101,California,Alameda County,0.44,0.04,0.14,0.62,0.1,0.49,0.24,0.52,0.45,0.21,0.71,0.31,0.95,0.12,0.16,0.29,0,0.51,0.21,0.39,0.92,0.91,7867.0,0.53,0.39,0.85,0.68,0,0,0,0,0,0,0,0,0,0,0, ,0,0,0,0,0,0,0,0,0,1,0,0,0, ,0,0,1,0,1,0,0,0,0,0,0,0,0,0,0,0,0,0,0.0,0.0,0,0,0,0.0,0.0,0.0,1,0,0.0,1,1,0,0,1,0,0,0,0,0.0,1,0,0.38,0.92,0.33,1,0,0,0.26,0,0,1,1,0,0.07,0.01,0.43,0.05,0.06,0.15,0.23,0.05,0.09,0.77,0.12,0.0,0.0,0.0,0.0,Nation,21.0
